NAME,the_geom,URL,LINE,
103 St,POINT (-73.96837899924829 40.79944633394733),http://www.mta.info/nyct/subway/index.html,1,
103 St,POINT (-73.96137008216188 40.79606107356255),http://www.mta.info/nyct/subway/index.html,B-C,
103 ST,POINT (-73.94747800151542 40.790600332975615),http://www.mta.info/nyct/subway/index.html,6,
103 St-Corona,POINT (-73.8626999970616 40.7498653343015),http://www.mta.info/nyct/subway/index.html,7,
OXFORD-104 ST,POINT (-73.8376829999374 40.681711334202696),http://www.mta.info/nyct/subway/index.html,A,
104 St,POINT (-73.84443499900195 40.695166331888885),http://www.mta.info/nyct/subway/index.html,J-Z,
110 St,POINT (-73.94424999696717 40.79502033352402),http://www.mta.info/nyct/subway/index.html,6,
111 St,POINT (-73.85533399729226 40.751730332999585),http://www.mta.info/nyct/subway/index.html,7,
GREENWOOD-111,POINT (-73.83216299793189 40.68433133342542),http://www.mta.info/nyct/subway/index.html,A,
111 St,POINT (-73.83679338317 40.69711514442172),http://www.mta.info/nyct/subway/index.html,J,
116 St,POINT (-73.94962500105149 40.80209833254597),http://www.mta.info/nyct/subway/index.html,2-3,
116 St,POINT (-73.95479778092779 40.805058467107635),http://www.mta.info/nyct/subway/index.html,B-C,
116 St,POINT (-73.9416169982848 40.79862933384588),http://www.mta.info/nyct/subway/index.html,6,
116 ST-COLUMBIA,POINT (-73.96410999793578 40.807722334261875),http://www.mta.info/nyct/subway/index.html,1,
121 St,POINT (-73.82834899922645 40.70048233167487),http://www.mta.info/nyct/subway/index.html,J-Z,
125 St,POINT (-73.94549500019218 40.807754332840474),http://www.mta.info/nyct/subway/index.html,2-3,
125 St,POINT (-73.95837200092977 40.8155813329265),http://www.mta.info/nyct/subway/index.html,1,
125 St,POINT (-73.95224799754361 40.81107200632826),http://www.mta.info/nyct/subway/index.html,ACBD,
125 St,POINT (-73.93759400019064 40.804138334029325),http://www.mta.info/nyct/subway/index.html,4-5-6,
135 St,POINT (-73.94077000029493 40.81422933347776),http://www.mta.info/nyct/subway/index.html,2-3,
135 St,POINT (-73.94753480832401 40.817905892108634),http://www.mta.info/nyct/subway/index.html,B-C,
137 ST-CITY COL,POINT (-73.95367600034153 40.82200833264513),http://www.mta.info/nyct/subway/index.html,1,
138 ST-GR CONC,POINT (-73.9298489994812 40.81322433279863),http://www.mta.info/nyct/subway/index.html,4-5,
145 St,POINT (-73.95035999809508 40.82655133277471),http://www.mta.info/nyct/subway/index.html,1,
145 St,POINT (-73.93624499890744 40.82042133297881),http://www.mta.info/nyct/subway/index.html,3,
145 St,POINT (-73.94408792835779 40.82476669406457),http://www.mta.info/nyct/subway/index.html,A-B-C-D,
149 ST-GR CONC,POINT (-73.92738475430822 40.81830377684673),http://www.mta.info/nyct/subway/index.html,245,
149th St - Grand Concourse,POINT (-73.9267224745775 40.81833047711118),http://www.mta.info/nyct/subway/index.html,2-5,
14 ST,POINT (-74.00020100059422 40.737826333308426),http://www.mta.info/nyct/subway/index.html,123FLM,
14 ST-6 AVE,POINT (-73.99620899891177 40.73822833288366),http://www.mta.info/nyct/subway/index.html,FLM123,
14 ST,POINT (-74.00168999943754 40.74089333363853),http://www.mta.info/nyct/subway/index.html,ACEL,
155 St,POINT (-73.93820899809954 40.83013533321578),http://www.mta.info/nyct/subway/index.html,B-D,
155 St,POINT (-73.94151400028585 40.83051833300836),http://www.mta.info/nyct/subway/index.html,C,
157 St,POINT (-73.94488999874277 40.83404133354386),http://www.mta.info/nyct/subway/index.html,1,
15th St - Prospect Park,POINT (-73.979735806077 40.660036021685464),http://www.mta.info/nyct/subway/index.html,F-G,
161st St - Yankee Stadium,POINT (-73.92569199495203 40.82823066063588),http://www.mta.info/nyct/subway/index.html,4,
161st St - Yankee Stadium,POINT (-73.92565099751474 40.82790533241327),http://www.mta.info/nyct/subway/index.html,B-D,
163 ST-AMSTERDM,POINT (-73.93989200159317 40.836013332605724),http://www.mta.info/nyct/subway/index.html,C,
167 St,POINT (-73.92139999756648 40.83553733302143),http://www.mta.info/nyct/subway/index.html,4,
167 St,POINT (-73.91843200077082 40.83376933205918),http://www.mta.info/nyct/subway/index.html,B-D,
168th St,POINT (-73.94013299889706 40.84055633285503),http://www.mta.info/nyct/subway/index.html,1,
168 ST-BROADWAY,POINT (-73.93956099987895 40.84071933346529),http://www.mta.info/nyct/subway/index.html,1AC,
169 St,POINT (-73.79347419781826 40.71051783638578),http://www.mta.info/nyct/subway/index.html,F,
170 St,POINT (-73.91339999796051 40.83930633332876),http://www.mta.info/nyct/subway/index.html,B-D,
170 St,POINT (-73.91779099709355 40.84007533283499),http://www.mta.info/nyct/subway/index.html,4,
174 St,POINT (-73.88769359751684 40.837195883313186),http://www.mta.info/nyct/subway/index.html,2-5,
174-175 ST,POINT (-73.91013600003978 40.84590033357212),http://www.mta.info/nyct/subway/index.html,B-D,
175 St,POINT (-73.93970399673837 40.84739133395404),http://www.mta.info/nyct/subway/index.html,A,
176 St,POINT (-73.91179399805148 40.84848033423412),http://www.mta.info/nyct/subway/index.html,4,
181 St,POINT (-73.93359599981648 40.849505333296115),http://www.mta.info/nyct/subway/index.html,1,
181 St,POINT (-73.93796900163554 40.85169533266245),http://www.mta.info/nyct/subway/index.html,A,
182-183 St,POINT (-73.90074099926748 40.8560933318779),http://www.mta.info/nyct/subway/index.html,B-D,
183 St,POINT (-73.9038790007054 40.85840733349188),http://www.mta.info/nyct/subway/index.html,4,
18 Ave,POINT (-73.97697099987755 40.62975500011662),http://www.mta.info/nyct/subway/index.html,F,
18 Ave,POINT (-73.99045399859853 40.620687331248675),http://www.mta.info/nyct/subway/index.html,N,
18 Ave,POINT (-74.00159259254073 40.607736065209444),http://www.mta.info/nyct/subway/index.html,D,
18 St,POINT (-73.99787100112236 40.741040332966726),http://www.mta.info/nyct/subway/index.html,1,
190 St,POINT (-73.93417999937553 40.859022332220405),http://www.mta.info/nyct/subway/index.html,A,
191 St,POINT (-73.9294119976112 40.855225335009216),http://www.mta.info/nyct/subway/index.html,1,
1 Ave,POINT (-73.98168087509058 40.730975308760705),http://www.mta.info/nyct/subway/index.html,L,
207 St,POINT (-73.91881900072042 40.864614333714016),http://www.mta.info/nyct/subway/index.html,1,
20 Ave,POINT (-73.98452199841243 40.61710933301559),http://www.mta.info/nyct/subway/index.html,N,
20 Ave,POINT (-73.99817432102677 40.604677331055306),http://www.mta.info/nyct/subway/index.html,D,
215 St,POINT (-73.91527899930841 40.869444332904905),http://www.mta.info/nyct/subway/index.html,1,
219 St,POINT (-73.8625097074803 40.88388830753444),http://www.mta.info/nyct/subway/index.html,2-5,
VAN ALSTON-21ST,POINT (-73.94959999937976 40.74412900001313),http://www.mta.info/nyct/subway/index.html,G,
21 ST,POINT (-73.94193761381545 40.75373960398463),http://www.mta.info/nyct/subway/index.html,F,
225 St,POINT (-73.86021461686795 40.88802859157574),http://www.mta.info/nyct/subway/index.html,2-5,
231 St,POINT (-73.90483400042638 40.87885633187432),http://www.mta.info/nyct/subway/index.html,1,
233 St,POINT (-73.85736239433544 40.89314357506239),http://www.mta.info/nyct/subway/index.html,2-5,
238 St,POINT (-73.90086999936261 40.884667334326366),http://www.mta.info/nyct/subway/index.html,1,
23 St,POINT (-73.98659900183978 40.7398643335507),http://www.mta.info/nyct/subway/index.html,6,
23 St,POINT (-73.99565700196479 40.74408133288406),http://www.mta.info/nyct/subway/index.html,1,
23 ST-6 AVE,POINT (-73.99276500454658 40.74295465088764),http://www.mta.info/nyct/subway/index.html,F-M,
23 ST-5 AVE,POINT (-73.98934400045437 40.74130300016866),http://www.mta.info/nyct/subway/index.html,N-R,
23 St,POINT (-73.99804100061175 40.745906332964005),http://www.mta.info/nyct/subway/index.html,C-E,
COURT SQ-23 ST,POINT (-73.94605470270504 40.74776845479483),http://www.mta.info/nyct/subway/index.html,EMG,
25 Ave,POINT (-73.9868290001644 40.59770400016762),http://www.mta.info/nyct/subway/index.html,D,
25 St,POINT (-73.99809099983285 40.66039700032125),http://www.mta.info/nyct/subway/index.html,R,
28 ST-BROADWAY,POINT (-73.98869800066268 40.74545433330924),http://www.mta.info/nyct/subway/index.html,N-R,
28 St,POINT (-73.99336500139277 40.74721533235655),http://www.mta.info/nyct/subway/index.html,1,
28 St,POINT (-73.98426400149621 40.74307033282793),http://www.mta.info/nyct/subway/index.html,6,
GRAND-30 AVE,POINT (-73.92147900005995 40.76677899973269),http://www.mta.info/nyct/subway/index.html,N-Q,
33 St,POINT (-73.98207600124924 40.7460813321576),http://www.mta.info/nyct/subway/index.html,6,
33 ST/RAWSON ST,POINT (-73.93099699873846 40.744587333592726),http://www.mta.info/nyct/subway/index.html,7,
34 ST-PENN STA,POINT (-73.99105699933416 40.75037333357704),http://www.mta.info/nyct/subway/index.html,1-2-3,
34 ST-PENN STA,POINT (-73.99339099930413 40.752287334131175),http://www.mta.info/nyct/subway/index.html,A-C-E,
WASHINGTON-36 A,POINT (-73.92986199833236 40.75644233343755),http://www.mta.info/nyct/subway/index.html,N-Q,
36 St,POINT (-73.92901818470385 40.751960377482355),http://www.mta.info/nyct/subway/index.html,M-R,
36 St,POINT (-74.00354899956925 40.655143999751665),http://www.mta.info/nyct/subway/index.html,D-N-R,
BEEBE-39 AVE,POINT (-73.9328513760691 40.752763394559445),http://www.mta.info/nyct/subway/index.html,N-Q,
3 Ave,POINT (-73.98575000098694 40.73269133261918),http://www.mta.info/nyct/subway/index.html,L,
138 ST-3 AVE,POINT (-73.92613800022275 40.81047633454132),http://www.mta.info/nyct/subway/index.html,6,
149 ST-3 AVE,POINT (-73.91779152703793 40.816029585709344),http://www.mta.info/nyct/subway/index.html,2-5,
40 ST-LOWERY ST,POINT (-73.9240159980613 40.743781334697424),http://www.mta.info/nyct/subway/index.html,7,
42 ST-BRYANT PK,POINT (-73.984590998399 40.75418433462967),http://www.mta.info/nyct/subway/index.html,BDFM7,
42 ST-PA BUS TE,POINT (-73.98973500043815 40.75730833180808),http://www.mta.info/nyct/subway/index.html,ACENQRS1237,
COURT SQ,POINT (-73.94526400065335 40.747023331863446),http://www.mta.info/nyct/subway/index.html,7,
45 St,POINT (-74.01000600035954 40.648938999878794),http://www.mta.info/nyct/subway/index.html,R,
46 St,POINT (-73.91352175005927 40.75631728599804),http://www.mta.info/nyct/subway/index.html,M-R,
46 ST-BLISS ST,POINT (-73.91843500055474 40.74313233412849),http://www.mta.info/nyct/subway/index.html,7,
47-50 ST-ROCK,POINT (-73.9813310021191 40.75864133466554),http://www.mta.info/nyct/subway/index.html,B-D-F-M,
49 ST-7 AVE,POINT (-73.98420956580891 40.75980230703365),http://www.mta.info/nyct/subway/index.html,N-Q-R,
4 AVE,POINT (-73.98977899967635 40.67027200058139),http://www.mta.info/nyct/subway/index.html,DFGMNR,
50 St,POINT (-73.98384899991842 40.76172833308103),http://www.mta.info/nyct/subway/index.html,1,
50 St,POINT (-73.99465878009656 40.636261224383965),http://www.mta.info/nyct/subway/index.html,D,
50 St,POINT (-73.98598399999051 40.762456332634045),http://www.mta.info/nyct/subway/index.html,C-E,
51 St,POINT (-73.97192000013308 40.757107333148234),http://www.mta.info/nyct/subway/index.html,6,
52 ST-LINCOLN,POINT (-73.91254899814022 40.7441493343501),http://www.mta.info/nyct/subway/index.html,7,
53 St,POINT (-74.01403400049048 40.645069000509004),http://www.mta.info/nyct/subway/index.html,R,
55 St,POINT (-73.99534882553118 40.631479094385625),http://www.mta.info/nyct/subway/index.html,D,
57 St,POINT (-73.97736800130777 40.76408533390238),http://www.mta.info/nyct/subway/index.html,F,
57 ST-7 AVE,POINT (-73.98072973313602 40.76456585850871),http://www.mta.info/nyct/subway/index.html,N-Q-R,
59 ST,POINT (-74.01788099968473 40.64136199944241),http://www.mta.info/nyct/subway/index.html,N-R,
59 ST-COLUMBUS,POINT (-73.98192900168259 40.76824733393756),http://www.mta.info/nyct/subway/index.html,1ABCD,
59th St - Columbus Circle,POINT (-73.98164872336676 40.768249864983254),http://www.mta.info/nyct/subway/index.html,A-B-C-D,
5 AVE-53 ST,POINT (-73.9752485046603 40.76008716596106),http://www.mta.info/nyct/subway/index.html,E-M,
5 AVE-59 ST,POINT (-73.9733470001843 40.76481133275182),http://www.mta.info/nyct/subway/index.html,N-Q-R,
5 AVE-BRYANT PK,POINT (-73.98196299871373 40.75382133359373),http://www.mta.info/nyct/subway/index.html,7BDFM,
62nd St,POINT (-73.99685725051668 40.626224796104694),http://www.mta.info/nyct/subway/index.html,D,
63 DR-REGO PARK,POINT (-73.86161820029058 40.72976430547176),http://www.mta.info/nyct/subway/index.html,MR,
65 St,POINT (-73.89878837766967 40.74971986271151),http://www.mta.info/nyct/subway/index.html,MR,
66 ST-LINCOLN,POINT (-73.98220900041213 40.773440334231445),http://www.mta.info/nyct/subway/index.html,1,
67 Ave,POINT (-73.85286048368066 40.72650580934677),http://www.mta.info/nyct/subway/index.html,MR,
68ST-HUNTER COL,POINT (-73.96387000148661 40.768141333903976),http://www.mta.info/nyct/subway/index.html,6,
69 ST-FISK AVE,POINT (-73.89640299838608 40.746325332824334),http://www.mta.info/nyct/subway/index.html,7,
6 AVE,POINT (-73.99775078872293 40.737741803112115),http://www.mta.info/nyct/subway/index.html,FLM123,
71 St,POINT (-73.9988409490545 40.61925904300817),http://www.mta.info/nyct/subway/index.html,D,
72 St,POINT (-73.98197000104193 40.77845333395168),http://www.mta.info/nyct/subway/index.html,1-2-3,
72 St,POINT (-73.97633657548654 40.77551973103465),http://www.mta.info/nyct/subway/index.html,BC,
74 ST-BROADWAY,POINT (-73.8912051283828 40.746867907409886),http://www.mta.info/nyct/subway/index.html,7EFMR,
75 Ave,POINT (-73.83692369317724 40.71804498706881),http://www.mta.info/nyct/subway/index.html,E-F,
ELDERTS LANE,POINT (-73.8672879987574 40.69129033462167),http://www.mta.info/nyct/subway/index.html,J-Z,
77 St,POINT (-73.9598739980726 40.77362033401498),http://www.mta.info/nyct/subway/index.html,6,
77 St,POINT (-74.02550999958477 40.62974200015178),http://www.mta.info/nyct/subway/index.html,R,
79 St,POINT (-73.97991700040643 40.78393433274081),http://www.mta.info/nyct/subway/index.html,1,
79 St,POINT (-74.000582873947 40.613159259344464),http://www.mta.info/nyct/subway/index.html,D,
7 AV-PARK SLOPE,POINT (-73.9802511788693 40.666245023690635),http://www.mta.info/nyct/subway/index.html,F-G,
7 Ave,POINT (-73.97285279146314 40.677102512887046),http://www.mta.info/nyct/subway/index.html,B-Q,
7 AVE-53 ST,POINT (-73.98169782381285 40.76297048549053),http://www.mta.info/nyct/subway/index.html,B-D-E,
HUDSON-80 ST,POINT (-73.85899200121291 40.679371334570604),http://www.mta.info/nyct/subway/index.html,A,
81 ST-MUSEUM,POINT (-73.97209794941429 40.78134641772443),http://www.mta.info/nyct/subway/index.html,BC,
82 ST-JACKSON H,POINT (-73.88369699986349 40.74765933320238),http://www.mta.info/nyct/subway/index.html,7,
FOREST PARKWAY,POINT (-73.86008699933834 40.692427333043625),http://www.mta.info/nyct/subway/index.html,J,
86 St,POINT (-73.97621799811347 40.78864433404891),http://www.mta.info/nyct/subway/index.html,1,
86 St,POINT (-73.96882849456208 40.785823379651546),http://www.mta.info/nyct/subway/index.html,BC,
86 St,POINT (-74.0283980002836 40.62268700032295),http://www.mta.info/nyct/subway/index.html,R,
86 St,POINT (-73.95558899978455 40.77949233177087),http://www.mta.info/nyct/subway/index.html,456,
BOYD-88 ST,POINT (-73.8514699989356 40.67984333439131),http://www.mta.info/nyct/subway/index.html,A,
8 Ave,POINT (-74.01151599735913 40.63497133283626),http://www.mta.info/nyct/subway/index.html,N,
8 Ave,POINT (-74.0025780004777 40.73977700012131),http://www.mta.info/nyct/subway/index.html,ACEL,
8 ST-B'WAY NYU,POINT (-73.9925079989093 40.730465331990395),http://www.mta.info/nyct/subway/index.html,N-R,
90 ST-ELMHURST,POINT (-73.87661299894202 40.748408334002924),http://www.mta.info/nyct/subway/index.html,7,
96 St,POINT (-73.95107000070685 40.785672333485294),http://www.mta.info/nyct/subway/index.html,6,
96 St,POINT (-73.97232299948297 40.79391933441861),http://www.mta.info/nyct/subway/index.html,1-2-3,
96 St,POINT (-73.96460245655115 40.79161913124813),http://www.mta.info/nyct/subway/index.html,BC,
9 Ave,POINT (-73.99444874408546 40.64648441084645),http://www.mta.info/nyct/subway/index.html,D,
9 St,POINT (-73.988301999704 40.67084700022307),http://www.mta.info/nyct/subway/index.html,DFGMNR,
Alabama Ave,POINT (-73.89852600099044 40.67699833360107),http://www.mta.info/nyct/subway/index.html,J,
Allerton Ave,POINT (-73.86723422776349 40.86548371157605),http://www.mta.info/nyct/subway/index.html,2-5,
AQUEDUCT-N CNDT,POINT (-73.83405799882622 40.66823433458028),http://www.mta.info/nyct/subway/index.html,A,
AQUEDUCT TRACK,POINT (-73.83591899879411 40.672097332305505),http://www.mta.info/nyct/subway/index.html,A,
Astor Place,POINT (-73.99106999895504 40.73005433376933),http://www.mta.info/nyct/subway/index.html,6,
DITMARS BL-31 S,POINT (-73.91203400018503 40.7750359996785),http://www.mta.info/nyct/subway/index.html,N-Q,
HOYT ST-ASTORIA,POINT (-73.91809500082121 40.770037332517354),http://www.mta.info/nyct/subway/index.html,N-Q,
Atlantic Av - Pacific St,POINT (-73.9788099993486 40.68366600047985),http://www.mta.info/nyct/subway/index.html,D-N-R,
BARCLAYS CENTER,POINT (-73.97754993550333 40.68442049853399),http://www.mta.info/nyct/subway/index.html,2345BDNQR,
Atlantic Ave,POINT (-73.97678343931106 40.68448865643635),http://www.mta.info/nyct/subway/index.html,B-Q,
Atlantic Ave,POINT (-73.90309699915753 40.675344999443105),http://www.mta.info/nyct/subway/index.html,L,
Ave H,POINT (-73.96151793874012 40.62920871052413),http://www.mta.info/nyct/subway/index.html,B-Q,
Ave I,POINT (-73.97606933193563 40.625017773484714),http://www.mta.info/nyct/subway/index.html,F,
Ave J,POINT (-73.96069316246778 40.625023152905705),http://www.mta.info/nyct/subway/index.html,B-Q,
Ave M,POINT (-73.95924310477643 40.61739807818342),http://www.mta.info/nyct/subway/index.html,B-Q,
Ave N,POINT (-73.97404850907516 40.61435704529457),http://www.mta.info/nyct/subway/index.html,F,
Ave P,POINT (-73.97300281528905 40.60884314257858),http://www.mta.info/nyct/subway/index.html,F,
Ave U,POINT (-73.97337641904097 40.595925159151875),http://www.mta.info/nyct/subway/index.html,F,
Ave U,POINT (-73.9558112232107 40.5993092845579),http://www.mta.info/nyct/subway/index.html,B-Q,
Ave U,POINT (-73.97908400087046 40.59723633364408),http://www.mta.info/nyct/subway/index.html,N,
Ave X,POINT (-73.97426599930228 40.589449999847005),http://www.mta.info/nyct/subway/index.html,F,
Bay 50 St,POINT (-73.98376500025735 40.588840999864985),http://www.mta.info/nyct/subway/index.html,D,
BAY PARKWAY,POINT (-73.99367619974002 40.601950795212716),http://www.mta.info/nyct/subway/index.html,D,
22 AVE-BAY PKY,POINT (-73.97525697755246 40.62073195620631),http://www.mta.info/nyct/subway/index.html,F,
BAY PKY-22 AVE,POINT (-73.98178001024034 40.61145612298434),http://www.mta.info/nyct/subway/index.html,N,
BAY RIDGE-95 ST,POINT (-74.0308760006303 40.6166220006113),http://www.mta.info/nyct/subway/index.html,R,
Bay Ridge Ave,POINT (-74.0233769992409 40.63496700028034),http://www.mta.info/nyct/subway/index.html,R,
Baychester Ave,POINT (-73.83859099777192 40.87866333374528),http://www.mta.info/nyct/subway/index.html,5,
Beach 105 St,POINT (-73.82758074931665 40.583268770978755),http://www.mta.info/nyct/subway/index.html,A-S,
Beach 25 St,POINT (-73.76135299673638 40.60006633421964),http://www.mta.info/nyct/subway/index.html,A,
Beach 36 St,POINT (-73.76817499792809 40.59539833456184),http://www.mta.info/nyct/subway/index.html,A,
Beach 44 St,POINT (-73.77601299886851 40.59294333262581),http://www.mta.info/nyct/subway/index.html,A,
Beach 60 St,POINT (-73.78852199717782 40.59237433461577),http://www.mta.info/nyct/subway/index.html,A,
Beach 67 St,POINT (-73.79692399899525 40.590927334290434),http://www.mta.info/nyct/subway/index.html,A,
Beach 90 St,POINT (-73.81365140294552 40.58809189768098),http://www.mta.info/nyct/subway/index.html,A-S,
Beach 98 St,POINT (-73.82052058872064 40.58538602425417),http://www.mta.info/nyct/subway/index.html,A-S,
BEDFORD/NOSTRAN,POINT (-73.95352199987617 40.68962733491343),http://www.mta.info/nyct/subway/index.html,G,
Bedford Ave,POINT (-73.95666499837023 40.71717433231373),http://www.mta.info/nyct/subway/index.html,L,
BEDFORD PARK BL,POINT (-73.88713799869915 40.87324433171974),http://www.mta.info/nyct/subway/index.html,B-D,
BEDFORD PARK BL,POINT (-73.89006400056154 40.8734123326929),http://www.mta.info/nyct/subway/index.html,4,
Bergen St,POINT (-73.97499915098913 40.68086247045291),http://www.mta.info/nyct/subway/index.html,2-3,
Bergen St,POINT (-73.99075649550757 40.68611088098272),http://www.mta.info/nyct/subway/index.html,F-G,
Beverley Road,POINT (-73.9643577954928 40.64390493165595),http://www.mta.info/nyct/subway/index.html,B-Q,
Beverly Road,POINT (-73.94884798335576 40.64512385265653),http://www.mta.info/nyct/subway/index.html,2-5,
BLEECKER ST,POINT (-73.99467467829572 40.72593123822929),http://www.mta.info/nyct/subway/index.html,6DF,
Bleecker St (Uptown),POINT (-73.99465900013325 40.72591499972982),http://www.mta.info/nyct/subway/index.html,4-6-6 Express,
BOROUGH HALL/CT,POINT (-73.99015100058315 40.69240433310098),http://www.mta.info/nyct/subway/index.html,2345R,
Borough Hall,POINT (-73.98999799906535 40.69321933265995),http://www.mta.info/nyct/subway/index.html,2-3,
Botanic Garden,POINT (-73.95924499975295 40.670342999976114),http://www.mta.info/nyct/subway/index.html,S2345,
Bowery,POINT (-73.99380690672811 40.72024721673806),http://www.mta.info/nyct/subway/index.html,J-Z,
Bowling Green,POINT (-74.01400799848199 40.70491433249645),http://www.mta.info/nyct/subway/index.html,4-5,
VAN WYCK BLVD,POINT (-73.82069263553905 40.709162148863335),http://www.mta.info/nyct/subway/index.html,E-F,
Brighton Beach,POINT (-73.96135378572068 40.57771052976751),http://www.mta.info/nyct/subway/index.html,B-Q,
Broad Channel,POINT (-73.81583268677743 40.608402513981986),http://www.mta.info/nyct/subway/index.html,A-S,
Broad St,POINT (-74.01105600048923 40.70647633411761),http://www.mta.info/nyct/subway/index.html,J-Z,
Broadway,POINT (-73.95031225595987 40.70612690984066),http://www.mta.info/nyct/subway/index.html,G,
BROADWAY-31 ST,POINT (-73.92582299856429 40.761432332024945),http://www.mta.info/nyct/subway/index.html,N-Q,
BROADWAY/LAFAY,POINT (-73.99620399840286 40.725297332299235),http://www.mta.info/nyct/subway/index.html,BDFQ6,
Broadway - Nassau St,POINT (-74.00762309342792 40.71016249872167),http://www.mta.info/nyct/subway/index.html,A-C,
Broadway Junction,POINT (-73.9042899974254 40.679366334574624),http://www.mta.info/nyct/subway/index.html,J-Z,
BROADWAY-ENY,POINT (-73.90311757843438 40.67845658203403),http://www.mta.info/nyct/subway/index.html,ACJLZ,
Broadway Junction,POINT (-73.90531600029104 40.67833399982758),http://www.mta.info/nyct/subway/index.html,A-C,
Bronx Park East,POINT (-73.86835609123708 40.848768999811156),http://www.mta.info/nyct/subway/index.html,2-5,
Brook Ave,POINT (-73.9192399981735 40.80756633325041),http://www.mta.info/nyct/subway/index.html,6,
BROOKLYN BRIDGE,POINT (-74.00413100111697 40.713065332984044),http://www.mta.info/nyct/subway/index.html,456JZ,
FLATBUSH AVE,POINT (-73.94754120719483 40.63284274046751),http://www.mta.info/nyct/subway/index.html,2-5,
Buhre Ave,POINT (-73.83256899924748 40.846810332614844),http://www.mta.info/nyct/subway/index.html,6,
Burke Ave,POINT (-73.86705361677089 40.87125913561442),http://www.mta.info/nyct/subway/index.html,2-5,
Burnside Ave,POINT (-73.90768400066499 40.853453334428735),http://www.mta.info/nyct/subway/index.html,4,
BUSHWICK AVE,POINT (-73.90526176227334 40.682860958491204),http://www.mta.info/nyct/subway/index.html,L,
Canal St,POINT (-74.00627700023756 40.722854331339036),http://www.mta.info/nyct/subway/index.html,1,
Canal St,POINT (-74.00019299900356 40.718803334727426),http://www.mta.info/nyct/subway/index.html,JNQRZ6,
Canal St,POINT (-73.99982638555147 40.71817420996139),http://www.mta.info/nyct/subway/index.html,J-Z,
Canal St,POINT (-74.00182599973189 40.71946533477728),http://www.mta.info/nyct/subway/index.html,N-R,
Canal St,POINT (-74.00105471253056 40.71881459682263),http://www.mta.info/nyct/subway/index.html,N-Q,
Canal St,POINT (-74.00522900191194 40.72082433307871),http://www.mta.info/nyct/subway/index.html,A-C-E,
ROCKAWAY PKY,POINT (-73.901849999934 40.64665400044553),http://www.mta.info/nyct/subway/index.html,L,
Carroll St,POINT (-73.99494697982026 40.68027368469693),http://www.mta.info/nyct/subway/index.html,F-G,
Castle Hill Ave,POINT (-73.85122199920897 40.83425533183211),http://www.mta.info/nyct/subway/index.html,6,
CATHEDRL-110 ST,POINT (-73.95806670664349 40.80058189158562),http://www.mta.info/nyct/subway/index.html,B-C,
110 ST-CATHEDRL,POINT (-73.96684700014322 40.803967333016914),http://www.mta.info/nyct/subway/index.html,1,
Central Ave,POINT (-73.9272429982954 40.69787333339047),http://www.mta.info/nyct/subway/index.html,M,
110 ST-CPN,POINT (-73.95182200107378 40.79907533284112),http://www.mta.info/nyct/subway/index.html,2-3,
Chambers St,POINT (-74.0085847360681 40.714111334148996),http://www.mta.info/nyct/subway/index.html,ACE23,
Chambers St,POINT (-74.00926600172447 40.71547833317367),http://www.mta.info/nyct/subway/index.html,1-2-3,
Chambers St,POINT (-74.00340673089009 40.7132341227328),http://www.mta.info/nyct/subway/index.html,JZ456,
Chauncey St,POINT (-73.91038356930946 40.682851634494526),http://www.mta.info/nyct/subway/index.html,J-Z,
CHRISTOPHER ST,POINT (-74.002905998897 40.73342233397504),http://www.mta.info/nyct/subway/index.html,1,
Church Ave,POINT (-73.97972116167199 40.64427233346608),http://www.mta.info/nyct/subway/index.html,F-G,
Church Ave,POINT (-73.96288246144869 40.6504935798757),http://www.mta.info/nyct/subway/index.html,B-Q,
Church Ave,POINT (-73.94945514032199 40.65086102070915),http://www.mta.info/nyct/subway/index.html,2-5,
City Hall,POINT (-74.00698581794778 40.713272664531246),http://www.mta.info/nyct/subway/index.html,R,
Clark St,POINT (-73.99308599832662 40.69746633298482),http://www.mta.info/nyct/subway/index.html,2-3,
Classon Ave,POINT (-73.95999000126959 40.68888933367643),http://www.mta.info/nyct/subway/index.html,G,
Cleveland St,POINT (-73.8851940012429 40.679778332299975),http://www.mta.info/nyct/subway/index.html,J,
CLINTON-WASH AV,POINT (-73.96679599830863 40.688094334588634),http://www.mta.info/nyct/subway/index.html,G,
CLINTON-WASH AV,POINT (-73.96583799868554 40.683263332875605),http://www.mta.info/nyct/subway/index.html,C,
STILLWELL AVE,POINT (-73.98123599855974 40.57728133344397),http://www.mta.info/nyct/subway/index.html,D-F-N-Q,
Cortelyou Road,POINT (-73.96379005494865 40.640940498719964),http://www.mta.info/nyct/subway/index.html,B-Q,
CORTLANDT ST,POINT (-74.0111319648397 40.710513317670305),http://www.mta.info/nyct/subway/index.html,R,
Cortlandt St (Temporarily Closed),POINT (-74.01218800069755 40.71183533452517),http://www.mta.info/nyct/subway/index.html,1,
Court St,POINT (-73.99181830913483 40.694196814120716),http://www.mta.info/nyct/subway/index.html,N-R,
Crescent St,POINT (-73.87392925190409 40.68315299047885),http://www.mta.info/nyct/subway/index.html,J-Z,
CROWN HTS-UTICA,POINT (-73.93293256066349 40.66897864436661),http://www.mta.info/nyct/subway/index.html,3-4,
Cypress Ave,POINT (-73.91404199941688 40.80536833435186),http://www.mta.info/nyct/subway/index.html,6,
Cypress Hills,POINT (-73.87332199828757 40.689616334196266),http://www.mta.info/nyct/subway/index.html,J,
DeKalb Ave,POINT (-73.98182400036215 40.69063500033928),http://www.mta.info/nyct/subway/index.html,B-D-N-Q-R,
DeKalb Ave,POINT (-73.91823200153044 40.70369333256863),http://www.mta.info/nyct/subway/index.html,L,
Delancey St,POINT (-73.98807806837901 40.718681075658196),http://www.mta.info/nyct/subway/index.html,FJMZ,
Ditmas Ave,POINT (-73.9781719999271 40.63611899980037),http://www.mta.info/nyct/subway/index.html,F,
Dyckman St,POINT (-73.92553599977501 40.86053133457367),http://www.mta.info/nyct/subway/index.html,1,
DYCKMAN-200 ST,POINT (-73.92727099913175 40.86549133254293),http://www.mta.info/nyct/subway/index.html,A,
East 105 St,POINT (-73.89954769314163 40.650469118412055),http://www.mta.info/nyct/subway/index.html,L,
E 143 ST,POINT (-73.90765699883949 40.808719334136455),http://www.mta.info/nyct/subway/index.html,6,
E 149 St,POINT (-73.90409799796717 40.812118331738084),http://www.mta.info/nyct/subway/index.html,6,
E 180 St,POINT (-73.87334609435007 40.84186337449904),http://www.mta.info/nyct/subway/index.html,2-5,
East Broadway,POINT (-73.99017700117365 40.71385533408638),http://www.mta.info/nyct/subway/index.html,F,
DYRE AVE,POINT (-73.83083400082742 40.88830033249039),http://www.mta.info/nyct/subway/index.html,5,
EASTERN PKWY,POINT (-73.96422203701749 40.672032568925616),http://www.mta.info/nyct/subway/index.html,2-3,
Elder Ave,POINT (-73.87915899781727 40.82858433457284),http://www.mta.info/nyct/subway/index.html,6,
Elmhurst Ave,POINT (-73.88203474588971 40.74237041300368),http://www.mta.info/nyct/subway/index.html,MR,
Essex St,POINT (-73.98740940233358 40.718306389085505),http://www.mta.info/nyct/subway/index.html,FJMZ,
Euclid Ave,POINT (-73.87210599994208 40.67537733193324),http://www.mta.info/nyct/subway/index.html,AC,
FAR ROCKAWAY,POINT (-73.7554049978951 40.60399533472034),http://www.mta.info/nyct/subway/index.html,A,
MAIN ST,POINT (-73.83003000183344 40.75960033237315),http://www.mta.info/nyct/subway/index.html,7,
Flushing Ave,POINT (-73.9502340005062 40.70037699951844),http://www.mta.info/nyct/subway/index.html,G,
Flushing Ave,POINT (-73.94137734825632 40.70040473673457),http://www.mta.info/nyct/subway/index.html,J-M,
Fordham Road,POINT (-73.89774900076851 40.86129633182038),http://www.mta.info/nyct/subway/index.html,B-D,
Fordham Road,POINT (-73.90103399833198 40.86280333320703),http://www.mta.info/nyct/subway/index.html,4,
Forest Ave,POINT (-73.90307499994645 40.70441233402832),http://www.mta.info/nyct/subway/index.html,M,
FOREST HILLS-71,POINT (-73.84451671920691 40.72159464293687),http://www.mta.info/nyct/subway/index.html,E-F-M-R,
Franklin Ave,POINT (-73.95809973659013 40.67076548645792),http://www.mta.info/nyct/subway/index.html,2345S,
Franklin Ave,POINT (-73.95684799980513 40.6813799997593),http://www.mta.info/nyct/subway/index.html,ACS,
Franklin Ave - Fulton St,POINT (-73.95582700108798 40.68059599942808),http://www.mta.info/nyct/subway/index.html,S,
Franklin St,POINT (-74.00688600226555 40.71931833420651),http://www.mta.info/nyct/subway/index.html,1,
Freeman St,POINT (-73.89175225285328 40.8299877799453),http://www.mta.info/nyct/subway/index.html,2-5,
Fresh Pond Road,POINT (-73.89589800086416 40.70622633198259),http://www.mta.info/nyct/subway/index.html,M,
Ft Hamilton Pky,POINT (-73.97577599885992 40.65078200098824),http://www.mta.info/nyct/subway/index.html,F-G,
Ft Hamilton Pky,POINT (-74.00535100072418 40.631386000144154),http://www.mta.info/nyct/subway/index.html,N,
Ft Hamilton Pky,POINT (-73.99420223752828 40.64091304459246),http://www.mta.info/nyct/subway/index.html,D,
Fulton St,POINT (-73.97537499873913 40.687119332657794),http://www.mta.info/nyct/subway/index.html,G,
Fulton St,POINT (-74.00657100024912 40.70941633229353),http://www.mta.info/nyct/subway/index.html,2-3,
Fulton St,POINT (-74.0079380008774 40.71002299961088),http://www.mta.info/nyct/subway/index.html,2345ACJZ,
Fulton St,POINT (-74.0095089987439 40.71036833193085),http://www.mta.info/nyct/subway/index.html,4-5,
Gates Ave,POINT (-73.92215600058701 40.68958433256818),http://www.mta.info/nyct/subway/index.html,J-Z,
Graham Ave,POINT (-73.9439439978816 40.71457633149971),http://www.mta.info/nyct/subway/index.html,L,
Grand Army Plaz,POINT (-73.97095633144298 40.67529502884244),http://www.mta.info/nyct/subway/index.html,2-3,
GRAND AV-NEWTON,POINT (-73.87722085593703 40.73681375120887),http://www.mta.info/nyct/subway/index.html,MR,
Grand Central - 42nd St,POINT (-73.97918900000734 40.75276900017257),http://www.mta.info/nyct/subway/index.html,S,
42 ST-GRD CNTRL,POINT (-73.97671329936165 40.75180776311499),http://www.mta.info/nyct/subway/index.html,4567S,
Grand Central - 42nd St,POINT (-73.9760410011979 40.75143133351694),http://www.mta.info/nyct/subway/index.html,7-7 Express,
Grand St,POINT (-73.94049699898235 40.711576333817),http://www.mta.info/nyct/subway/index.html,L,
Grand St,POINT (-73.99375299925896 40.71826733292375),http://www.mta.info/nyct/subway/index.html,B-D,
Grant Ave,POINT (-73.86504999808713 40.67704433385241),http://www.mta.info/nyct/subway/index.html,A,
86 ST,POINT (-73.97818899976669 40.592465333902624),http://www.mta.info/nyct/subway/index.html,N,
Greenpoint Ave,POINT (-73.95442500175076 40.73126733272315),http://www.mta.info/nyct/subway/index.html,G,
Gun Hill ROAD,POINT (-73.86613410422373 40.87783971871569),http://www.mta.info/nyct/subway/index.html,2-5,
Gun Hill ROAD,POINT (-73.84638400102972 40.86952633288799),http://www.mta.info/nyct/subway/index.html,5,
Halsey St,POINT (-73.90393400047114 40.69551833448191),http://www.mta.info/nyct/subway/index.html,L,
Halsey St,POINT (-73.91663888395097 40.68641560444364),http://www.mta.info/nyct/subway/index.html,J,
148 ST-LENOX,POINT (-73.93646999991873 40.82388033407589),http://www.mta.info/nyct/subway/index.html,3,
34 ST-HERALD SQ,POINT (-73.98793683324304 40.749644893078916),http://www.mta.info/nyct/subway/index.html,BDFMNQR,
Herald Sq - 34th St,POINT (-73.98777189015544 40.74978973294837),http://www.mta.info/nyct/subway/index.html,B-D-F-M,
Hewes St,POINT (-73.95348800040841 40.706890331217984),http://www.mta.info/nyct/subway/index.html,J-M,
High St,POINT (-73.99053100095567 40.69933733273785),http://www.mta.info/nyct/subway/index.html,A-C,
Houston St,POINT (-74.00536700184291 40.72825133360782),http://www.mta.info/nyct/subway/index.html,1,
HOWARD BCH-JFK,POINT (-73.83030099930434 40.660476333123206),http://www.mta.info/nyct/subway/index.html,A,
JFK HOWARD BCH,POINT (-73.83030099930434 40.660476333123206),,A,
HOYT/SCHERMER,POINT (-73.9850362399565 40.68840880947581),http://www.mta.info/nyct/subway/index.html,A-C-G,
Hoyt St,POINT (-73.98506379611653 40.69054451845209),http://www.mta.info/nyct/subway/index.html,2-3,
Hunters Pt Ave,POINT (-73.9489160011607 40.74221633326165),http://www.mta.info/nyct/subway/index.html,7,
Hunts Point Ave,POINT (-73.89054899975386 40.82094833186627),http://www.mta.info/nyct/subway/index.html,6,
INTERVALE-163,POINT (-73.8966173835841 40.82214246442492),http://www.mta.info/nyct/subway/index.html,2-5,
INWOOD-207 ST,POINT (-73.91989900076265 40.8680723332653),http://www.mta.info/nyct/subway/index.html,A,
Jackson Ave,POINT (-73.90770193853471 40.816437799808796),http://www.mta.info/nyct/subway/index.html,2-5,
ROOSEVELT AVE,POINT (-73.89129866498959 40.74654002448512),http://www.mta.info/nyct/subway/index.html,EFMR7,
JAMAICA-179 ST,POINT (-73.78381700044153 40.712645999940975),http://www.mta.info/nyct/subway/index.html,F,
JAMAICA-VAN WYC,POINT (-73.81701287026034 40.70289888659826),http://www.mta.info/nyct/subway/index.html,E,
Jamaica CENTER,POINT (-73.80109632198113 40.70206770924661),http://www.mta.info/nyct/subway/index.html,E-J-Z,
JFK JAMAICA CT1,POINT (-73.80109632198113 40.70206770924661),,E,
JAY ST-METROTEC,POINT (-73.98721815311183 40.69247097044472),http://www.mta.info/nyct/subway/index.html,A-C-F,
Jefferson St,POINT (-73.92291299953057 40.706606999359956),http://www.mta.info/nyct/subway/index.html,L,
Junction Blvd,POINT (-73.8695269997965 40.74914533273112),http://www.mta.info/nyct/subway/index.html,7,
Junius St,POINT (-73.90244864097313 40.66358933490929),http://www.mta.info/nyct/subway/index.html,3,
Kew Gardens - Union Tpke,POINT (-73.83037027017505 40.714035152937456),http://www.mta.info/nyct/subway/index.html,E-F,
KINGS HIGHWAY,POINT (-73.97235530833731 40.60325873883345),http://www.mta.info/nyct/subway/index.html,F,
KINGS HIGHWAY,POINT (-73.95760873539083 40.608638978424565),http://www.mta.info/nyct/subway/index.html,B-Q,
KINGS HIGHWAY,POINT (-73.98037300212555 40.60405933336751),http://www.mta.info/nyct/subway/index.html,N,
Kingsbridge Rd,POINT (-73.89717400101911 40.867760333744734),http://www.mta.info/nyct/subway/index.html,4,
Kingsbridge Rd,POINT (-73.89350900003097 40.86697833331913),http://www.mta.info/nyct/subway/index.html,B-D,
KINGSTON-THROOP,POINT (-73.94085899839129 40.67991933291405),http://www.mta.info/nyct/subway/index.html,C,
Kingston Ave,POINT (-73.94215978326203 40.66948178160432),http://www.mta.info/nyct/subway/index.html,3,
Knickerbocker,POINT (-73.91972000097114 40.698660334772896),http://www.mta.info/nyct/subway/index.html,M,
Kosciuszko St,POINT (-73.92850899856917 40.69317233423697),http://www.mta.info/nyct/subway/index.html,J,
Lafayette Ave,POINT (-73.97394599824162 40.686113333301115),http://www.mta.info/nyct/subway/index.html,C,
JAY ST-METROTEC,POINT (-73.98605667829878 40.69225572936931),http://www.mta.info/nyct/subway/index.html,R,
LEXINGTON-53 ST,POINT (-73.96907237417739 40.75746864157252),http://www.mta.info/nyct/subway/index.html,EM6,
59 ST,POINT (-73.96796700066442 40.76252633389173),http://www.mta.info/nyct/subway/index.html,456NQR,
LEXINGTON AVE,POINT (-73.9673750166445 40.762709188743855),http://www.mta.info/nyct/subway/index.html,NQR456,
LEXINGTON AVE,POINT (-73.96608964340214 40.764618428150776),http://www.mta.info/nyct/subway/index.html,F,
LIBERTY AVE,POINT (-73.89654800075247 40.67454233286892),http://www.mta.info/nyct/subway/index.html,C,
Livonia Ave,POINT (-73.90056237156317 40.664057604182275),http://www.mta.info/nyct/subway/index.html,L,
COURT SQ,POINT (-73.94381559557159 40.74630536706204),http://www.mta.info/nyct/subway/index.html,EMG,
Longwood Ave,POINT (-73.89643499864899 40.81610433364345),http://www.mta.info/nyct/subway/index.html,6,
Lorimer St,POINT (-73.95024800019331 40.7140723341722),http://www.mta.info/nyct/subway/index.html,LG,
Lorimer St,POINT (-73.94735499813589 40.70384433379361),http://www.mta.info/nyct/subway/index.html,J-M,
2 AVE,POINT (-73.98993799949149 40.7234019995008),http://www.mta.info/nyct/subway/index.html,F,
MARBLE HILL-225,POINT (-73.90983099891776 40.87456133275337),http://www.mta.info/nyct/subway/index.html,1,
Marcy Ave,POINT (-73.95783199999856 40.7083833336101),http://www.mta.info/nyct/subway/index.html,J-M-Z,
Metropolitan Av,POINT (-73.95142399956148 40.71277433427003),http://www.mta.info/nyct/subway/index.html,GL,
METS-WILLETS PT,POINT (-73.84562499786716 40.75462233245772),http://www.mta.info/nyct/subway/index.html,7,
METROPOLITAN AV,POINT (-73.88957722978766 40.71143163827924),http://www.mta.info/nyct/subway/index.html,M,
Middletown ROAD,POINT (-73.83632199732654 40.843863334673635),http://www.mta.info/nyct/subway/index.html,6,
Montrose Ave,POINT (-73.93979284651334 40.70739139725247),http://www.mta.info/nyct/subway/index.html,L,
Morgan Ave,POINT (-73.93314699998834 40.70615200009972),http://www.mta.info/nyct/subway/index.html,L,
Morris Park,POINT (-73.86049499998204 40.85436433270016),http://www.mta.info/nyct/subway/index.html,5,
Morrison AvE,POINT (-73.87451599884423 40.829521335098256),http://www.mta.info/nyct/subway/index.html,6,
MOSHOLU PARKWAY,POINT (-73.88465499988884 40.87975033296914),http://www.mta.info/nyct/subway/index.html,4,
Mt Eden Ave,POINT (-73.91468499864928 40.844434333833284),http://www.mta.info/nyct/subway/index.html,4,
Myrtle Ave,POINT (-73.91097571780219 40.69947139533809),http://www.mta.info/nyct/subway/index.html,LM,
Myrtle Ave,POINT (-73.93562300040674 40.69719533361235),http://www.mta.info/nyct/subway/index.html,J-M-Z,
MYRTLE-WILLOUGH,POINT (-73.94906699828155 40.69461933256742),http://www.mta.info/nyct/subway/index.html,G,
Nassau Av,POINT (-73.95118299979704 40.72448033118355),http://www.mta.info/nyct/subway/index.html,G,
NECK ROAD,POINT (-73.95507827446252 40.59532202457638),http://www.mta.info/nyct/subway/index.html,B-Q,
Neptune Ave,POINT (-73.97459272802236 40.58073909152164),http://www.mta.info/nyct/subway/index.html,F,
NEREID AVE,POINT (-73.85431530997917 40.898286849118136),http://www.mta.info/nyct/subway/index.html,2-5,
Nevins St,POINT (-73.98040679867199 40.68831091310594),http://www.mta.info/nyct/subway/index.html,2-3-4-5,
New Lots Ave,POINT (-73.8841107078647 40.666315265574426),http://www.mta.info/nyct/subway/index.html,3,
New Lots Ave,POINT (-73.89927796012282 40.65891510689037),http://www.mta.info/nyct/subway/index.html,L,
New Utrecht Ave,POINT (-73.99635300046697 40.624842000193794),http://www.mta.info/nyct/subway/index.html,ND,
NEWKIRK PLAZA,POINT (-73.96269486847974 40.63514227039474),http://www.mta.info/nyct/subway/index.html,B-Q,
Newkirk Ave,POINT (-73.9482999075323 40.63999157603046),http://www.mta.info/nyct/subway/index.html,2-5,
Northern Blvd,POINT (-73.90606508028196 40.75282516296223),http://www.mta.info/nyct/subway/index.html,MR,
NORWOOD-205 ST,POINT (-73.87885499849918 40.874811333682345),http://www.mta.info/nyct/subway/index.html,D,
Norwood Ave,POINT (-73.87962599833826 40.68152033389478),http://www.mta.info/nyct/subway/index.html,J-Z,
Nostrand Ave,POINT (-73.95042600048545 40.68043833310734),http://www.mta.info/nyct/subway/index.html,A-C,
Nostrand Ave,POINT (-73.95042624893824 40.66993848398767),http://www.mta.info/nyct/subway/index.html,3,
OCEAN PARKWAY,POINT (-73.9685010000048 40.5763120005781),http://www.mta.info/nyct/subway/index.html,Q,
LEFFERTS BLVD,POINT (-73.8257979983959 40.68595133199964),http://www.mta.info/nyct/subway/index.html,A,
PARK PLACE,POINT (-73.95762400033107 40.674771999887255),http://www.mta.info/nyct/subway/index.html,S,
PARK PLACE,POINT (-74.00881099987163 40.713051332200514),http://www.mta.info/nyct/subway/index.html,23ACE,
E 177 ST-PARKCH,POINT (-73.86081599995809 40.83322633218034),http://www.mta.info/nyct/subway/index.html,6,
Parkside Ave,POINT (-73.96145344000783 40.65507337471708),http://www.mta.info/nyct/subway/index.html,B-Q,
Parsons Blvd,POINT (-73.8032889987805 40.70757233327444),http://www.mta.info/nyct/subway/index.html,F,
Pelham Bay Park,POINT (-73.82812099995719 40.852462333145894),http://www.mta.info/nyct/subway/index.html,6,
ORCHARD BEACH,POINT (-73.82812099995719 40.852462333145894),,6,
PELHAM PARKWAY,POINT (-73.85535900005993 40.8589853329393),http://www.mta.info/nyct/subway/index.html,5,
PELHAM PARKWAY,POINT (-73.86748067761889 40.85719274250162),http://www.mta.info/nyct/subway/index.html,2-5,
Pennsylvania Av,POINT (-73.89488591124234 40.66471478435396),http://www.mta.info/nyct/subway/index.html,3,
President St,POINT (-73.95058920055888 40.667883936572196),http://www.mta.info/nyct/subway/index.html,2-5,
PRINCE ST-B'WAY,POINT (-73.99770200007194 40.72432899922576),http://www.mta.info/nyct/subway/index.html,N-R,
Prospect Ave,POINT (-73.9017777862438 40.81948759780675),http://www.mta.info/nyct/subway/index.html,2-5,
Prospect Ave,POINT (-73.99287200058961 40.665414000093335),http://www.mta.info/nyct/subway/index.html,R,
Prospect Park,POINT (-73.96203130451713 40.66163378817137),http://www.mta.info/nyct/subway/index.html,B-Q-S,
Queens Plaza,POINT (-73.937138239261 40.748918053128584),http://www.mta.info/nyct/subway/index.html,E-M-R,
QUEENSBORO PLZ,POINT (-73.94016353439743 40.75063598438094),http://www.mta.info/nyct/subway/index.html,7NQ,
Ralph Ave,POINT (-73.92078599919046 40.678822334523645),http://www.mta.info/nyct/subway/index.html,C,
Rector St,POINT (-74.01297456237413 40.70774508995048),http://www.mta.info/nyct/subway/index.html,R,
Rector St,POINT (-74.01378300080631 40.70751333304196),http://www.mta.info/nyct/subway/index.html,1,
Rockaway Ave,POINT (-73.91194599727318 40.67834033324111),http://www.mta.info/nyct/subway/index.html,C,
Rockaway Ave,POINT (-73.9089583356391 40.66261782103152),http://www.mta.info/nyct/subway/index.html,3,
Rockaway Blvd,POINT (-73.8438529971175 40.68042933335036),http://www.mta.info/nyct/subway/index.html,A,
ROCKAWAY PK 116,POINT (-73.83559008596322 40.58095619916644),http://www.mta.info/nyct/subway/index.html,A-S,
ROOSEVELT IS,POINT (-73.95323500002728 40.75917233330991),http://www.mta.info/nyct/subway/index.html,F,
Saratoga Ave,POINT (-73.91633024966043 40.66153012321424),http://www.mta.info/nyct/subway/index.html,3,
Seneca Ave,POINT (-73.9075819984298 40.70291933262727),http://www.mta.info/nyct/subway/index.html,M,
Sheepshead Bay,POINT (-73.95405791182218 40.58654788005143),http://www.mta.info/nyct/subway/index.html,B-Q,
Shepherd Ave,POINT (-73.88074999710298 40.67413033485932),http://www.mta.info/nyct/subway/index.html,C,
Simpson St,POINT (-73.89306639471833 40.82397717486102),http://www.mta.info/nyct/subway/index.html,2-5,
SMITH-9 ST,POINT (-73.99589172757463 40.673641394609135),http://www.mta.info/nyct/subway/index.html,F-G,
South Ferry,POINT (-74.01316895983936 40.70173084095291),http://www.mta.info/nyct/subway/index.html,1R,
Spring St,POINT (-74.00373899872902 40.7262273349522),http://www.mta.info/nyct/subway/index.html,CE,
Spring St,POINT (-73.99714099950617 40.72230133331719),http://www.mta.info/nyct/subway/index.html,6,
St Lawrence Ave,POINT (-73.86761799826303 40.83150933406975),http://www.mta.info/nyct/subway/index.html,6,
Steinway St,POINT (-73.92052647104094 40.756987692724486),http://www.mta.info/nyct/subway/index.html,MR,
Sterling St,POINT (-73.95072891150406 40.66277332699014),http://www.mta.info/nyct/subway/index.html,2-5,
Sutphin Blvd,POINT (-73.81083299827169 40.70541833253),http://www.mta.info/nyct/subway/index.html,F,
Sutphin Blvd,POINT (-73.80800471916443 40.70038275752361),http://www.mta.info/nyct/subway/index.html,E-J-Z,
Sutter Ave,POINT (-73.90191599959435 40.66914533375269),http://www.mta.info/nyct/subway/index.html,L,
SUTTER AVE,POINT (-73.92252118506703 40.664767122207614),http://www.mta.info/nyct/subway/index.html,3,
Times Sq - 42nd St,POINT (-73.9862289999369 40.755983333482924),http://www.mta.info/nyct/subway/index.html,S,
Times Sq - 42nd St,POINT (-73.986768002027 40.754612332230856),http://www.mta.info/nyct/subway/index.html,N-Q-R,
Times Sq - 42nd St,POINT (-73.98769099766001 40.75547733499068),http://www.mta.info/nyct/subway/index.html,7-7 Express,
42 ST-TIMES SQ,POINT (-73.98749500043364 40.75529033316711),http://www.mta.info/nyct/subway/index.html,1237ACENQRS,
Tremont Ave,POINT (-73.90522700088017 40.85041033318809),http://www.mta.info/nyct/subway/index.html,B-D,
Union Sq - 14th St,POINT (-73.98995099886989 40.734673334561),http://www.mta.info/nyct/subway/index.html,4-5-6-6 Express,
14 ST-UNION SQ,POINT (-73.9905388616843 40.73587260060109),http://www.mta.info/nyct/subway/index.html,456LNQR,
Union Sq - 14th St,POINT (-73.99066976943084 40.73476364552659),http://www.mta.info/nyct/subway/index.html,L,
Union St,POINT (-73.98310999931782 40.67731600045995),http://www.mta.info/nyct/subway/index.html,R,
Utica Ave,POINT (-73.93072899845322 40.67936433301651),http://www.mta.info/nyct/subway/index.html,A-C,
242 ST,POINT (-73.89858299979814 40.88924833345021),http://www.mta.info/nyct/subway/index.html,1,
Van Siclen Ave,POINT (-73.88940491629894 40.66551829666946),http://www.mta.info/nyct/subway/index.html,3,
Van Siclen Ave,POINT (-73.89035799977019 40.67271033212401),http://www.mta.info/nyct/subway/index.html,C,
Van Siclen Ave,POINT (-73.89165772599068 40.67802854813373),http://www.mta.info/nyct/subway/index.html,J-Z,
VERNON/JACKSON,POINT (-73.95358099882006 40.74262633257131),http://www.mta.info/nyct/subway/index.html,7,
W 4 ST-WASH SQ,POINT (-74.00030814706824 40.73225482650675),http://www.mta.info/nyct/subway/index.html,ABCDEFM,
W 4th St - Washington Sq (Upper),POINT (-74.00049500225549 40.73233833138155),http://www.mta.info/nyct/subway/index.html,A-C-E,
W 8 ST-AQUARIUM,POINT (-73.97595787404076 40.57603415120005),http://www.mta.info/nyct/subway/index.html,F-Q,
WAKEFIELD-241,POINT (-73.85061999835273 40.90312533408352),http://www.mta.info/nyct/subway/index.html,2,
Wall St,POINT (-74.01186199920538 40.707557334362484),http://www.mta.info/nyct/subway/index.html,4-5,
Wall St,POINT (-74.00909999899459 40.70682133279038),http://www.mta.info/nyct/subway/index.html,2-3,
E TREMONT AVE,POINT (-73.87996127809559 40.84020796544077),http://www.mta.info/nyct/subway/index.html,2-5,
WESTCHESTER SQ,POINT (-73.84295199835405 40.839892334397746),http://www.mta.info/nyct/subway/index.html,6,
Whitehall St,POINT (-74.01300723736433 40.70314270735986),http://www.mta.info/nyct/subway/index.html,R1,
Whitlock Ave,POINT (-73.88628299832433 40.82652533380191),http://www.mta.info/nyct/subway/index.html,6,
Wilson Ave,POINT (-73.90395860493146 40.68886687533081),http://www.mta.info/nyct/subway/index.html,L,
Winthrop St,POINT (-73.9500793454169 40.65665964750449),http://www.mta.info/nyct/subway/index.html,2-5,
Woodhaven Blvd,POINT (-73.85205199698804 40.69370433254967),http://www.mta.info/nyct/subway/index.html,J-Z,
Woodhaven Blvd,POINT (-73.86943208499206 40.73309770715039),http://www.mta.info/nyct/subway/index.html,MR,
WOODLAWN ROAD,POINT (-73.87875099890881 40.88603733314497),http://www.mta.info/nyct/subway/index.html,4,
61 ST/WOODSIDE,POINT (-73.90298400085238 40.74563033401391),http://www.mta.info/nyct/subway/index.html,7,
WORLD TRADE CTR,POINT (-74.00974461478488 40.71256426010712),http://www.mta.info/nyct/subway/index.html,ACE23,
Wyckoff Ave,POINT (-73.91217899875637 40.699454334648586),http://www.mta.info/nyct/subway/index.html,M,
York St,POINT (-73.98688499982453 40.69974300092185),http://www.mta.info/nyct/subway/index.html,F,
Zerega Ave,POINT (-73.84703599804547 40.83648833366287),http://www.mta.info/nyct/subway/index.html,6,